{
  "Annual Return": {
    "lightgbm": 0.2140778608483096,
    "tst": 0.2973026609571432,
    "crossmamba": 0.3024077062894648,
    "ensemble": 0.28526426473951005
  },
  "Volatility": {
    "lightgbm": 0.13697741674342545,
    "tst": 0.12857046848300602,
    "crossmamba": 0.12796841413879642,
    "ensemble": 0.13644457478924688
  },
  "Sharpe Ratio": {
    "lightgbm": 1.5628696343471409,
    "tst": 2.312371117110213,
    "crossmamba": 2.3631431607024322,
    "ensemble": 2.09069685821633
  },
  "Sortino Ratio": {
    "lightgbm": 2.455236447352764,
    "tst": 3.834476365395357,
    "crossmamba": 3.9658048540857345,
    "ensemble": 3.490346190314979
  },
  "Max Drawdown": {
    "lightgbm": -0.20248561478271865,
    "tst": -0.09313469045313161,
    "crossmamba": -0.09204290051769226,
    "ensemble": -0.15435432470028765
  },
  "Calmar Ratio": {
    "lightgbm": 1.0572496742819657,
    "tst": 3.192179279158744,
    "crossmamba": 3.2855078635451966,
    "ensemble": 1.8481130788676092
  },
  "Win Rate": {
    "lightgbm": 0.5423940149625935,
    "tst": 0.559850374064838,
    "crossmamba": 0.543640897755611,
    "ensemble": 0.5523690773067331
  },
  "Profit Factor": {
    "lightgbm": 1.2747806179525338,
    "tst": 1.3995753476956194,
    "crossmamba": 1.420170357864617,
    "ensemble": 1.3667832882475974
  },
  "Avg Rank IC": {
    "lightgbm": 0.10321286825265759
  },
  "IC Info Ratio": {
    "lightgbm": 0.8560058271600627
  },
  "Total Return": {
    "lightgbm": 0.8540351161858175,
    "tst": 1.289593857567188,
    "crossmamba": 1.3183913347862966,
    "ensemble": 1.2226585067747826
  }
}