{
  "Annual Return": {
    "lightgbm": 0.13381442828971268,
    "tst": 0.3701768870052753,
    "crossmamba": 0.35377253695325717,
    "ensemble": 0.19533522403716952,
    "spy_benchmark": 0.20674397336506334
  },
  "Volatility": {
    "lightgbm": 0.10810481297743689,
    "tst": 0.10944264062322362,
    "crossmamba": 0.10425615362140872,
    "ensemble": 0.10399707865640276,
    "spy_benchmark": 0.1500825561077865
  },
  "Sharpe Ratio": {
    "lightgbm": 1.2378210759166757,
    "tst": 3.382382324416439,
    "crossmamba": 3.3933009297937655,
    "ensemble": 1.8782758879197083,
    "spy_benchmark": 1.377534904464411
  },
  "Sortino Ratio": {
    "lightgbm": 1.7831335622417757,
    "tst": 5.04333238315672,
    "crossmamba": 5.309534990050568,
    "ensemble": 2.608040219092047,
    "spy_benchmark": 1.8262844478318692
  },
  "Max Drawdown": {
    "lightgbm": -0.10215757782813528,
    "tst": -0.09248064425778812,
    "crossmamba": -0.13660195630456995,
    "ensemble": -0.09835274371223968,
    "spy_benchmark": -0.18755233666641347
  },
  "Calmar Ratio": {
    "lightgbm": 1.3098824192563676,
    "tst": 4.0027494396115975,
    "crossmamba": 2.5898055974134384,
    "ensemble": 1.9860676662768488,
    "spy_benchmark": 1.1023267745766183
  },
  "Win Rate": {
    "lightgbm": 0.5525965379494008,
    "tst": 0.5778961384820239,
    "crossmamba": 0.59254327563249,
    "ensemble": 0.5512649800266312,
    "spy_benchmark": 0.5714285714285714
  },
  "Profit Factor": {
    "lightgbm": 1.2366262916339665,
    "tst": 1.6585328475384362,
    "crossmamba": 1.648302982517564,
    "ensemble": 1.3685213861795464,
    "spy_benchmark": 1.2825671617505534
  },
  "Avg Rank IC": {
    "lightgbm": 0.06257514743256304
  },
  "IC Info Ratio": {
    "lightgbm": 0.44361803610284567
  },
  "Total Return": {
    "lightgbm": 0.45393086357234136,
    "tst": 1.5563251319607976,
    "crossmamba": 1.466193025038979,
    "ensemble": 0.70189067202023,
    "spy_benchmark": 0.7481485267757471
  }
}