{
  "Annual Return": {
    "lightgbm": 0.05139242129810828,
    "tst": 0.07391359767813732,
    "crossmamba": 0.16169635847183872,
    "ensemble": 0.14725136404891948
  },
  "Volatility": {
    "lightgbm": 0.07654530933034599,
    "tst": 0.07244358195581303,
    "crossmamba": 0.07707713515350947,
    "ensemble": 0.07577220016763907
  },
  "Sharpe Ratio": {
    "lightgbm": 0.6713986138893019,
    "tst": 1.0202917288146194,
    "crossmamba": 2.0978509018438443,
    "ensemble": 1.9433426017683706
  },
  "Sortino Ratio": {
    "lightgbm": 1.0948038096184054,
    "tst": 1.6780999999546173,
    "crossmamba": 3.6120557863610676,
    "ensemble": 3.229353881024063
  },
  "Max Drawdown": {
    "lightgbm": -0.12894923776597422,
    "tst": -0.10697901863420567,
    "crossmamba": -0.05933780441321379,
    "ensemble": -0.10563287400616062
  },
  "Calmar Ratio": {
    "lightgbm": 0.39854766265390484,
    "tst": 0.6909167022900417,
    "crossmamba": 2.7250137213653582,
    "ensemble": 1.3939917047075192
  },
  "Win Rate": {
    "lightgbm": 0.5049875311720698,
    "tst": 0.529925187032419,
    "crossmamba": 0.5324189526184538,
    "ensemble": 0.5486284289276808
  },
  "Profit Factor": {
    "lightgbm": 1.118112486923115,
    "tst": 1.175301451880848,
    "crossmamba": 1.3724170243274652,
    "ensemble": 1.3482395977748847
  },
  "Avg Rank IC": {
    "lightgbm": 0.10321286825265759
  },
  "IC Info Ratio": {
    "lightgbm": 0.8560058271600627
  },
  "Total Return": {
    "lightgbm": 0.17291752138769767,
    "tst": 0.2547614223059378,
    "crossmamba": 0.6112386520041762,
    "ensemble": 0.5483381225553516
  }
}