{
  "n_estimators": 1800,
  "max_depth": 4,
  "learning_rate": 0.0334076581518528,
  "num_leaves": 88,
  "min_child_samples": 140,
  "subsample": 0.9,
  "colsample_bytree": 0.3,
  "reg_alpha": 0.2222016749597932,
  "reg_lambda": 0.05085805151590612,
  "min_split_gain": 0.011392283397725926
}