{
  "n_estimators": 700,
  "max_depth": 7,
  "learning_rate": 0.02100992430541678,
  "num_leaves": 92,
  "min_child_samples": 100,
  "subsample": 0.7,
  "colsample_bytree": 0.45,
  "reg_alpha": 0.004940126648660667,
  "reg_lambda": 0.06092950624831632,
  "min_split_gain": 5.187955938702193e-05
}