{
  "total_return": 0.8540351161858175,
  "annual_return": 0.2140778608483096,
  "annual_volatility": 0.13697741674342545,
  "sharpe_ratio": 1.5628696343471409,
  "sortino_ratio": 2.455236447352764,
  "max_drawdown": -0.20248561478271865,
  "calmar_ratio": 1.0572496742819657,
  "win_rate": 0.5423940149625935,
  "profit_factor": 1.2747806179525338,
  "n_days": 802.0,
  "n_years": 3.1825396825396823,
  "model_type": "lightgbm",
  "avg_rank_ic": 0.10321286825265759,
  "ic_std": 0.12057494986339592,
  "ic_ir": 0.8560058271600627
}