{
  "total_return": 1.3183913347862966,
  "annual_return": 0.3024077062894648,
  "annual_volatility": 0.12796841413879642,
  "sharpe_ratio": 2.3631431607024322,
  "sortino_ratio": 3.9658048540857345,
  "max_drawdown": -0.09204290051769226,
  "calmar_ratio": 3.2855078635451966,
  "win_rate": 0.543640897755611,
  "profit_factor": 1.420170357864617,
  "n_days": 802.0,
  "n_years": 3.1825396825396823,
  "model_type": "crossmamba"
}