{
  "total_return": 1.289593857567188,
  "annual_return": 0.2973026609571432,
  "annual_volatility": 0.12857046848300602,
  "sharpe_ratio": 2.312371117110213,
  "sortino_ratio": 3.834476365395357,
  "max_drawdown": -0.09313469045313161,
  "calmar_ratio": 3.192179279158744,
  "win_rate": 0.559850374064838,
  "profit_factor": 1.3995753476956194,
  "n_days": 802.0,
  "n_years": 3.1825396825396823,
  "model_type": "tst"
}