{
  "total_return": 0.17291752138769767,
  "annual_return": 0.05139242129810828,
  "annual_volatility": 0.07654530933034599,
  "sharpe_ratio": 0.6713986138893019,
  "sortino_ratio": 1.0948038096184054,
  "max_drawdown": -0.12894923776597422,
  "calmar_ratio": 0.39854766265390484,
  "win_rate": 0.5049875311720698,
  "profit_factor": 1.118112486923115,
  "n_days": 802.0,
  "n_years": 3.1825396825396823,
  "model_type": "lightgbm",
  "avg_rank_ic": 0.10321286825265759,
  "ic_std": 0.12057494986339592,
  "ic_ir": 0.8560058271600627
}