{
  "total_return": 1.2226585067747826,
  "annual_return": 0.28526426473951005,
  "annual_volatility": 0.13644457478924688,
  "sharpe_ratio": 2.09069685821633,
  "sortino_ratio": 3.490346190314979,
  "max_drawdown": -0.15435432470028765,
  "calmar_ratio": 1.8481130788676092,
  "win_rate": 0.5523690773067331,
  "profit_factor": 1.3667832882475974,
  "n_days": 802.0,
  "n_years": 3.1825396825396823,
  "model_type": "ensemble"
}