{
  "total_return": 0.5483381225553516,
  "annual_return": 0.14725136404891948,
  "annual_volatility": 0.07577220016763907,
  "sharpe_ratio": 1.9433426017683706,
  "sortino_ratio": 3.229353881024063,
  "max_drawdown": -0.10563287400616062,
  "calmar_ratio": 1.3939917047075192,
  "win_rate": 0.5486284289276808,
  "profit_factor": 1.3482395977748847,
  "n_days": 802.0,
  "n_years": 3.1825396825396823,
  "model_type": "ensemble"
}