{
  "Annual Return": {
    "lightgbm": 0.033330286722563995,
    "spy_benchmark": 0.12326432561920098
  },
  "Volatility": {
    "lightgbm": 0.05733529739695178,
    "spy_benchmark": 0.16996287930331738
  },
  "Sharpe Ratio": {
    "lightgbm": 0.5813221945738795,
    "spy_benchmark": 0.7252425875111025
  },
  "Sortino Ratio": {
    "lightgbm": 0.8168063250857079,
    "spy_benchmark": 0.9961446660560671
  },
  "Max Drawdown": {
    "lightgbm": -0.09501808326338235,
    "spy_benchmark": -0.24496403026291824
  },
  "Calmar Ratio": {
    "lightgbm": 0.3507783157695575,
    "spy_benchmark": 0.5031935523552854
  },
  "Win Rate": {
    "lightgbm": 0.5350877192982456,
    "spy_benchmark": 0.5431309904153354
  },
  "Profit Factor": {
    "lightgbm": 1.1136672466814523,
    "spy_benchmark": 1.14752573720334
  },
  "Avg Rank IC": {
    "lightgbm": 0.016942191327042513
  },
  "IC Info Ratio": {
    "lightgbm": 0.1951241419550386
  },
  "Total Return": {
    "lightgbm": 0.1772176524609812,
    "spy_benchmark": 0.7815877932052462
  }
}