{
  "n_estimators": 800,
  "max_depth": 5,
  "learning_rate": 0.02056177991857537,
  "num_leaves": 48,
  "min_child_samples": 110,
  "subsample": 0.65,
  "colsample_bytree": 0.55,
  "reg_alpha": 0.015167374797853416,
  "reg_lambda": 0.9797896721701044,
  "min_split_gain": 0.00219787857923465
}