{
  "total_return": 0.7815880881551136,
  "annual_return": 0.12326436304914057,
  "annual_volatility": 0.16996294148680594,
  "sharpe_ratio": 0.725242542394361,
  "sortino_ratio": 0.9961445547437728,
  "max_drawdown": -0.24496387687011933,
  "calmar_ratio": 0.5031940202455056,
  "win_rate": 0.5431309904153354,
  "profit_factor": 1.1475257246056465,
  "n_days": 1252.0,
  "n_years": 4.968253968253968
}