{
  "total_return": 0.7815880881551256,
  "annual_return": 0.12326436304914212,
  "annual_volatility": 0.1699630390916672,
  "sharpe_ratio": 0.7252421259085626,
  "sortino_ratio": 0.9961433014839693,
  "max_drawdown": -0.24496399572091665,
  "calmar_ratio": 0.5031937761075606,
  "win_rate": 0.5431309904153354,
  "profit_factor": 1.1475256827490423,
  "n_days": 1252.0,
  "n_years": 4.968253968253968
}