{
  "total_return": 0.7815880881551256,
  "annual_return": 0.12326436304914212,
  "annual_volatility": 0.16996288118085268,
  "sharpe_ratio": 0.7252427997237352,
  "sortino_ratio": 0.9961442291776618,
  "max_drawdown": -0.24496382573917075,
  "calmar_ratio": 0.503194125276475,
  "win_rate": 0.5431309904153354,
  "profit_factor": 1.147525787360297,
  "n_days": 1252.0,
  "n_years": 4.968253968253968
}