{
  "total_return": 0.7815882356300976,
  "annual_return": 0.1232643817641148,
  "annual_volatility": 0.16996283474132542,
  "sharpe_ratio": 0.7252431079964374,
  "sortino_ratio": 0.996145504151678,
  "max_drawdown": -0.24496391141213625,
  "calmar_ratio": 0.5031940256897273,
  "win_rate": 0.5431309904153354,
  "profit_factor": 1.1475257344033518,
  "n_days": 1252.0,
  "n_years": 4.968253968253968
}